"lon","lat","incl_deg","intensity_uT"
-180,-84,-75.82884809100895,58.27164410829135
-168,-84,-75.34421168280784,57.805767117096075
-156,-84,-74.71019473243852,57.1919053025821
-144,-84,-73.96561444573564,56.454009830034074
-132,-84,-73.1500752011042,55.61689953234758
-120,-84,-72.30183742650705,54.71595632505367
-108,-84,-71.45823348001272,53.77864464724429
-96,-84,-70.65138276958271,52.859337212872646
-84,-84,-69.90950712885807,52.00128252127059
-72,-84,-69.25887206727285,51.21193447820059
-60,-84,-68.71695492137782,50.524621054537825
-48,-84,-68.29933435819396,49.94373779482162
-36,-84,-68.01037410646845,49.525219304078846
-24,-84,-67.85534299392562,49.2968244673813
-12,-84,-67.84205438207648,49.26434192525863
0,-84,-67.97685685343329,49.436793945161796
12,-84,-68.26361810265539,49.8197430536892
24,-84,-68.70351438485292,50.40069572866212
36,-84,-69.29196447005322,51.14997042999668
48,-84,-70.0120232051504,52.04507300179216
60,-84,-70.83936042295349,53.0405988695195
72,-84,-71.73991135162396,54.08548411336931
84,-84,-72.67180011532832,55.12315344242162
96,-84,-73.58707376595073,56.09749561556312
108,-84,-74.43440553016706,56.95722831592484
120,-84,-75.162386629371,57.66205442639036
132,-84,-75.72474017997202,58.180140891540034
144,-84,-76.08515031082408,58.494017182245635
156,-84,-76.22206594470258,58.60427009270132
168,-84,-76.13521094500639,58.480386705815654
180,-84,-75.82884807743221,58.27164408097275
-180,-78,-79.03573116306619,61.10030062068575
-168,-78,-77.82093745625129,60.13711275133036
-156,-78,-76.40633810744276,58.89811428934074
-144,-78,-74.8621777387002,57.48226299732846
-132,-78,-73.24379191445988,55.923050942771845
-120,-78,-71.60496208568699,54.271023050937515
-108,-78,-70.0080682468952,52.575348718340855
-96,-78,-68.5251031297448,50.8696035818152
-84,-78,-67.21738109534874,49.26966024676427
-72,-78,-66.13885997087647,47.77760082491381
-60,-78,-65.30505697901157,46.47053154936565
-48,-78,-64.70372224514755,45.39472788174351
-36,-78,-64.30215106807391,44.61366287688782
-24,-78,-64.09149273751699,44.10236323675117
-12,-78,-64.0600153725782,43.96452817876698
0,-78,-64.23884363319718,44.222676966583784
12,-78,-64.67163667632485,44.90440780800517
24,-78,-65.3986077271596,46.01588142516757
36,-78,-66.44045377084889,47.5268246460406
48,-78,-67.78599791357736,49.37608022309218
60,-78,-69.39459478966943,51.46310733052153
72,-78,-71.20266142107923,53.64669598357434
84,-78,-73.12368194550798,55.78564403691892
96,-78,-75.05463684199353,57.75082103248238
108,-78,-76.87719015039384,59.44210779616236
120,-78,-78.46070456195898,60.756083378715495
132,-78,-79.65849716709069,61.642477620230565
144,-78,-80.33495927494587,62.0867116167612
156,-78,-80.4189127920284,62.10830221601103
168,-78,-79.94462298747732,61.80320147660473
180,-78,-79.03573114616488,61.10030059471259
-180,-72,-80.60730977686093,62.63330248585359
-168,-72,-78.60307383927336,61.18814109535198
-156,-72,-76.53535352873661,59.44731223179917
-144,-72,-74.40445847612682,57.50015110174241
-132,-72,-72.19937159546075,55.35469146550207
-120,-72,-69.94090058688204,53.02359212948008
-108,-72,-67.70469440075385,50.61738145512177
-96,-72,-65.62645355407574,48.21519991707508
-84,-72,-63.86318345788316,45.93911451171219
-72,-72,-62.542765591815474,43.86304616648931
-60,-72,-61.68845874964195,42.10499705665275
-48,-72,-61.220669343766495,40.699065971316195
-36,-72,-60.9961501623038,39.65600628650578
-24,-72,-60.897195351724235,38.97939868443749
-12,-72,-60.90817109360642,38.68656883090654
0,-72,-61.06343581628263,38.983059007787936
12,-72,-61.521477280999775,39.89257429058644
24,-72,-62.39419036139473,41.51881119884637
36,-72,-63.79403412628964,43.75416723268852
48,-72,-65.69947135530849,46.541757156343444
60,-72,-68.03543856132825,49.724183804482585
72,-72,-70.69126927715507,53.08440111303137
84,-72,-73.55770824129544,56.27396864680329
96,-72,-76.47488930957657,59.18128722427383
108,-72,-79.30013060812128,61.59050353689393
120,-72,-81.84011659909473,63.33193505935191
132,-72,-83.76431246431811,64.3615219371055
144,-72,-84.55603951537547,64.73180205041554
156,-72,-83.96929282380964,64.46550102545405
168,-72,-82.4774496739668,63.6894959669815
180,-72,-80.60730974629908,62.63330244522555
-180,-66,-79.8301336829951,62.7822004728988
-168,-66,-77.42824450671121,60.787028620216184
-156,-66,-75.103477012102,58.61574143811021
-144,-66,-72.75845526190335,56.27453246009714
-132,-66,-70.28455000016093,53.76304098735085
-120,-66,-67.62932800049964,51.0099589744016
-108,-66,-64.86639515092052,48.068729715553964
-96,-66,-62.22461605212895,45.069973932190116
-84,-66,-60.03564149697375,42.20676797525744
-72,-66,-58.599729223563926,39.6670116064937
-60,-66,-58.019766720268,37.55625497428248
-48,-66,-58.06580812354214,36.0255633830034
-36,-66,-58.4122180074596,34.859263752268845
-24,-66,-58.69661255151325,34.08438630962582
-12,-66,-58.7903491471009,33.77736686914518
0,-66,-58.84350446673046,34.07792304369225
12,-66,-59.1476514569847,35.197557375011776
24,-66,-60.007427821714984,37.26459494039814
36,-66,-61.63373121030241,40.21497362221697
48,-66,-64.02259101415481,43.880961774444984
60,-66,-66.9932397081757,48.10134713789847
72,-66,-70.38344237890719,52.47764415644619
84,-66,-74.01472534698453,56.63540427951314
96,-66,-77.72596974090762,60.325445898020746
108,-66,-81.39665086751748,63.27843387608633
120,-66,-84.90645525704885,65.24950572181059
132,-66,-87.93606559965676,66.2376256159764
144,-66,-87.72941698199503,66.32355720216134
156,-66,-85.05753409837509,65.71927134438208
168,-66,-82.3697943990049,64.45359918615684
180,-66,-79.83013366620978,62.78220044748031
-180,-60,-77.32373137721298,61.737977768279976
-168,-60,-74.88729995714333,59.359960955107326
-156,-60,-72.5704027388995,56.83345404150834
-144,-60,-70.25523694879786,54.231016306269225
-132,-60,-67.763634711428,51.47270715677808
-120,-60,-64.94215480170787,48.42078801772781
-108,-60,-61.808889112599644,45.070964683872155
-96,-60,-58.66823686632639,41.55142218516168
-84,-60,-56.062245049364435,38.2392418741502
-72,-60,-54.59445349176265,35.395662508644506
-60,-60,-54.52504901743856,33.22155425401498
-48,-60,-55.5364152193621,31.68260056087505
-36,-60,-56.89772847412243,30.580179128193894
-24,-60,-57.87129032832918,29.868510061308125
-12,-60,-58.200091376326895,29.502389081628138
0,-60,-58.04841681534208,29.788987216590773
12,-60,-57.97454747695187,31.01523441043532
24,-60,-58.57766657961628,33.41672143004279
36,-60,-60.234626547014756,36.982421699519605
48,-60,-62.92950328661919,41.49646895661725
60,-60,-66.39540126706628,46.57262337750854
72,-60,-70.30095278248588,51.78878056804951
84,-60,-74.39704920172468,56.665493931181516
96,-60,-78.48211425283652,61.006789454465626
108,-60,-82.41392520959025,64.23697678585553
120,-60,-85.88258961024393,66.26839105346868
132,-60,-87.46843179310177,67.07573494103322
144,-60,-85.49200319068945,66.77453518496313
156,-60,-82.68813737739283,65.61552359714443
168,-60,-79.9262548234645,63.91924966132351
180,-60,-77.32373136588976,61.7379777445192
-180,-54,-74.00710078401762,59.918875069830094
-168,-54,-71.6221500571393,57.21944424087954
-156,-54,-69.35370023595033,54.450580797832934
-144,-54,-67.11909036124969,51.69928344512734
-132,-54,-64.72531142055666,48.80800883894647
-120,-54,-61.92666943865541,45.58707773727313
-108,-54,-58.62463285740041,41.996757271918526
-96,-54,-55.10595751646301,38.1574099849325
-84,-54,-52.13782188011461,34.488682558592544
-72,-54,-50.75375029286733,31.39922815638189
-60,-54,-51.441448391023926,29.309936327478894
-48,-54,-53.74427224008108,28.0761066157026
-36,-54,-56.483712868045394,27.246160353179558
-24,-54,-58.487339147611436,26.67443514691998
-12,-54,-59.26061120320665,26.28569090413481
0,-54,-58.94189058678501,26.43177330627618
12,-54,-58.25263687447768,27.63034374322934
24,-54,-58.2453798878342,30.23745229868961
36,-54,-59.62647386078274,34.304380191932864
48,-54,-62.43523235758746,39.4628249618969
60,-54,-66.17424559548334,45.232151456623804
72,-54,-70.32122172586955,50.98692034000848
84,-54,-74.46288015323357,56.42407986907886
96,-54,-78.33490006474723,60.93631647499815
108,-54,-81.52254760386012,64.23664671152575
120,-54,-83.31676451499119,66.13767774227425
132,-54,-83.09456046915369,66.65697663921497
144,-54,-81.36792719031288,65.98739712614828
156,-54,-79.02096917464982,64.5170809407941
168,-54,-76.50409676034066,62.28851041074073
180,-54,-74.00710077694718,59.91887504731164
-180,-48,-70.23474845901899,57.403196053169594
-168,-48,-67.87037991320852,54.653074600397396
-156,-48,-65.59318555611128,51.7606133267849
-144,-48,-63.37308057296016,48.92601628768774
-132,-48,-61.06863024602745,46.01683675821767
-120,-48,-58.40319103918647,42.78086744822601
-108,-48,-55.13798399732586,39.10467510373946
-96,-48,-51.425741756807795,35.12666449972465
-84,-48,-48.18694238841472,31.26346154882722
-72,-48,-46.94021478601144,28.13825780487584
-60,-48,-48.57313452843903,26.26526320899356
-48,-48,-52.39545166131639,25.458582378388584
-36,-48,-56.65718537965088,25.078492688439116
-24,-48,-59.907226927209216,24.71162662663403
-12,-48,-61.475948633602016,24.316951331061855
0,-48,-61.26303422190102,24.284985594509255
12,-48,-59.94329976818729,25.26970206291114
24,-48,-59.00406279273001,27.88996914855608
36,-48,-59.75191700709855,32.26255206804674
48,-48,-62.35485550336628,37.936245961739544
60,-48,-66.10277720736713,44.19802408734887
72,-48,-70.16689595888727,50.24551202083968
84,-48,-73.93503351019878,55.836523620562524
96,-48,-76.99565631171036,60.30528904861679
108,-48,-78.86765440247814,63.43750146486587
120,-48,-79.30114032368095,65.08036941471269
132,-48,-78.54208835111838,65.320207874792
144,-48,-76.99646682573919,64.41687145517864
156,-48,-74.95704822791785,62.66025470724647
168,-48,-72.6402572442098,60.14221848727629
180,-48,-70.23474845554664,57.403196034262216
-180,-42,-65.9580223911743,54.78608909133297
-168,-42,-63.56624477594187,51.83490449698233
-156,-42,-61.21004544959219,48.88423339442552
-144,-42,-58.89886911980712,46.0210752136805
-132,-42,-56.593793517002055,43.145177451764575
-120,-42,-54.074312651110056,40.0222256670304
-108,-42,-50.97931187906592,36.470590753915324
-96,-42,-47.22648627342329,32.56877221936407
-84,-42,-43.79653641836173,28.713346679904795
-72,-42,-42.76601868193732,25.688184463967694
-60,-42,-45.481176342136465,24.11608154874651
-48,-42,-50.85491691821075,23.789400960837924
-36,-42,-56.54118798709222,23.874057136131707
-24,-42,-61.052113787062304,23.82663943524582
-12,-42,-63.77668820606733,23.555906017429432
0,-42,-64.23096656396491,23.361167757895437
12,-42,-62.66486859065017,24.041511009649295
24,-42,-60.709364664116556,26.437948663819103
36,-42,-60.41468249525866,30.910824300330155
48,-42,-62.40749183771217,36.882845679461994
60,-42,-65.81787882443783,43.442470106131594
72,-42,-69.45634710121146,49.64582037488647
84,-42,-72.4944864166585,55.00168780500513
96,-42,-74.43789262133643,59.207041006280534
108,-42,-75.05434235054142,61.97249551380095
120,-42,-74.66509595487516,63.24731474577966
132,-42,-73.73135652698952,63.22925540339127
144,-42,-72.36190064964374,62.09113560219266
156,-42,-70.5395515409777,60.224163053747056
168,-42,-68.34057692288653,57.63461776865144
180,-42,-65.95802239002911,54.78608907501519
-180,-36,-60.97570452237684,51.854121886933214
-168,-36,-58.498415869588186,48.89550768019916
-156,-36,-56.01132398250785,45.93752009309239
-144,-36,-53.51930276634344,43.0469310799726
-132,-36,-51.096678479419936,40.250444358052846
-120,-36,-48.64836250246013,37.34073691034438
-108,-36,-45.73352277946329,34.08730225286245
-96,-36,-41.97617931952194,30.4600837502159
-84,-36,-38.379032743336566,26.833176406466688
-72,-36,-37.65892538067787,24.017023430544743
-60,-36,-41.582752798144874,22.790741554366072
-48,-36,-48.49428216231071,22.90213110623671
-36,-36,-55.44634815291134,23.393207384950667
-24,-36,-61.101551977203954,23.718608438327447
-12,-36,-65.10921062900739,23.768460394402688
0,-36,-66.69127554351897,23.65740754429762
12,-36,-65.43027189467956,24.030633908342736
24,-36,-62.707535511771866,26.018781282085722
36,-36,-61.127034677281266,30.274571067532616
48,-36,-62.06499777054339,36.27436078459168
60,-36,-64.76186550255684,42.877682312311045
72,-36,-67.69507568073013,48.957435183220575
84,-36,-69.83693327933491,53.99943882241374
96,-36,-70.69865628275282,57.70580307014354
108,-36,-70.32408828579766,59.91448746228499
120,-36,-69.42786401103585,60.72879501399966
132,-36,-68.4790785934183,60.4694861891971
144,-36,-67.27757537325863,59.16597504087341
156,-36,-65.59252412797565,57.37018064704912
168,-36,-63.41965948758771,54.76148328752587
180,-36,-60.97570452290653,51.85412187315446
-180,-30,-55.02443588661546,48.67831425722941
-168,-30,-52.399720184375255,45.84069363057133
-156,-30,-49.75707972109321,42.94142804122106
-144,-30,-47.04302540967099,40.13149653400376
-132,-30,-44.41237782317124,37.448998290091005
-120,-30,-41.91888584251925,34.79943587009868
-108,-30,-39.079155739548646,31.966973242371854
-96,-30,-35.2242257229771,28.796712103882573
-84,-30,-31.44168459193081,25.533969037407676
-72,-30,-31.145668455416605,23.06618418333054
-60,-30,-36.44492432050391,22.145547838378683
-48,-30,-44.95335817390126,22.548361335560394
-36,-30,-53.14760230648664,23.362100077739402
-24,-30,-59.81241510597196,24.125726447686315
-12,-30,-64.84940810699204,24.672692671312102
0,-30,-67.44317837959936,24.884370309086798
12,-30,-66.77044129731395,25.135335046429443
24,-30,-63.68733371162893,26.572275899244328
36,-30,-60.897957004429614,30.271026293246504
48,-30,-60.531171592123464,35.94798911182775
60,-30,-62.25367375179116,42.33822390548131
72,-30,-64.36543081115224,48.133351598018805
84,-30,-65.69950670457676,52.70701133445603
96,-30,-65.71848973762862,55.71975214991789
108,-30,-64.61727098559501,57.28938088793141
120,-30,-63.412536574571064,57.4780351968523
132,-30,-62.56033479403876,57.072924330111526
144,-30,-61.51920354795225,55.89972273733561
156,-30,-59.88563991788743,54.134128361819684
168,-30,-57.633645038500845,51.530852775325286
180,-30,-55.02443588832198,48.67831424581471
-180,-24,-47.836206672320884,45.40752274495309
-168,-24,-44.98958055401414,42.712466826318774
-156,-24,-42.19231549760756,39.980205585686875
-144,-24,-39.27323570840009,37.34814521543818
-132,-24,-36.40621839755406,34.86789288030773
-120,-24,-33.77148854650308,32.54919385933831
-108,-24,-30.853807233793802,30.21364936466719
-96,-24,-26.749694211687906,27.574266798060076
-84,-24,-22.78064662416806,24.809751872000625
-72,-24,-23.060429207962592,22.735639810195064
-60,-24,-29.838131242341003,22.067755732213545
-48,-24,-40.05595550219848,22.65310415897723
-36,-24,-49.622781346199105,23.72678905462638
-24,-24,-57.131765481417894,24.8810060482005
-12,-24,-62.693320615686844,26.003330603022594
0,-24,-65.72093313000671,26.707348258587267
12,-24,-65.36416994351279,26.98781557203922
24,-24,-62.1579911364641,27.90954509543078
36,-24,-58.465569847268895,30.789824034025592
48,-24,-56.91973984102803,35.75946849582529
60,-24,-57.70722361264282,41.68500950533379
72,-24,-59.100231228893016,46.99746709562439
84,-24,-59.88334366263462,51.05588286727779
96,-24,-59.36953444480319,53.442108592068536
108,-24,-57.750505509923514,54.14615692482746
120,-24,-56.39606044958419,53.96458140936725
132,-24,-55.74688193703682,53.42419124801479
144,-24,-54.865061344143385,52.275208160441075
156,-24,-53.193593661436374,50.50759657821816
168,-24,-50.74069519470562,48.10254088241999
180,-24,-47.83620667592877,45.40752273106712
-180,-18,-39.18841295226999,42.03942912508526
-168,-18,-36.03412119872487,39.62557397537875
-156,-18,-33.10242346654259,37.192424103536325
-144,-18,-30.04596235519815,34.85159367087929
-132,-18,-26.98921386829626,32.7158333512995
-120,-18,-24.186502172249572,30.791964848883843
-108,-18,-21.07362665519718,28.966016232016482
-96,-18,-16.64043225720711,26.925590834500564
-84,-18,-12.588820138602548,24.721067220744775
-72,-18,-13.554993990817538,23.01235185069898
-60,-18,-21.70491677908916,22.49914779762295
-48,-18,-33.61159906178746,23.137133879843503
-36,-18,-44.60025073494592,24.333567919441222
-24,-18,-52.83840897795003,25.880195558517787
-12,-18,-58.340382784628794,27.45647024351111
0,-18,-61.1072143878226,28.622624678428153
12,-18,-60.61799143873975,28.99592351728425
24,-18,-57.284061432599216,29.53848246670631
36,-18,-52.99868306514517,31.52404442658036
48,-18,-50.65649566852794,35.53660111824524
60,-18,-50.78884399154161,40.7387254429914
72,-18,-51.70817737470812,45.463144058944984
84,-18,-52.22384409164745,48.95988435637089
96,-18,-51.45457120460494,50.7142376910264
108,-18,-49.517029423075485,50.83907465297957
120,-18,-48.1488947358685,50.224969521230015
132,-18,-47.82119014418347,49.58537607641909
144,-18,-47.12018473434428,48.4381186356098
156,-18,-45.33105335842385,46.749482848666894
168,-18,-42.53980135820012,44.53127830646307
180,-18,-39.18841295486761,42.03942911763721
-180,-12,-29.000032719383004,38.84933428552857
-168,-12,-25.462881161132188,36.80547504499037
-156,-12,-22.43661630713925,34.78841829512299
-144,-12,-19.348256948025753,32.883127386681814
-132,-12,-16.211507524496163,31.176486237658263
-120,-12,-13.30429713836496,29.72524162161805
-108,-12,-9.994107391535838,28.41980557733964
-96,-12,-5.3276718405311705,26.973160865374307
-84,-12,-1.4422691710791444,25.346671611745997
-72,-12,-3.086763253453188,23.92184884547405
-60,-12,-12.200322367683183,23.424027394486234
-48,-12,-25.47541701935832,23.95675888728561
-36,-12,-37.814806510183374,25.256272909748265
-24,-12,-46.48302471325096,26.954629442419982
-12,-12,-51.5003987317716,28.777957316712
0,-12,-53.542029768019866,30.2060943319145
12,-12,-52.73318951563056,30.76044334643463
24,-12,-49.14308720171732,30.992385889865716
36,-12,-44.438893308900695,32.23277595242106
48,-12,-41.65974311280118,35.324713336377215
60,-12,-41.429090421598815,39.587221620889075
72,-12,-42.105175551925335,43.60570195324444
84,-12,-42.57608094162282,46.47561522362581
96,-12,-41.78819618020854,47.72171851533663
108,-12,-39.719020957190644,47.40025161088094
120,-12,-38.48077646117492,46.603670245296385
132,-12,-38.60042680901153,45.79970694574594
144,-12,-38.131357011438325,44.6484401456046
156,-12,-36.179618699742655,43.02947205437823
168,-12,-32.936629901378645,41.01093310796165
180,-12,-29.000032721719126,38.84933427947031
-180,-6,-17.459843203502263,36.16053366987775
-168,-6,-13.53203206010586,34.52087156069855
-156,-6,-10.48069555997048,32.989895871166254
-144,-6,-7.487399842881368,31.604052951459426
-132,-6,-4.414646172513577,30.454486638573368
-120,-6,-1.532512751404642,29.530821177451397
-108,-6,1.8453544737079852,28.737272462007354
-96,-6,6.4536301835850605,27.87098741849901
-84,-6,9.861134661152333,26.72942147110115
-72,-6,7.685275510640449,25.50986627822354
-60,-6,-1.7557990464442481,24.84146630277528
-48,-6,-15.709810432477742,25.086910826618272
-36,-6,-28.85147676499955,26.226978917607205
-24,-6,-37.69256107820674,27.978882605573734
-12,-6,-41.96775040659416,29.7517898005792
0,-6,-43.14525166367409,31.235875329274215
12,-6,-41.93118425059391,31.878207986543615
24,-6,-38.17891395899445,32.09237475210909
36,-6,-33.158297897404104,32.8514536640863
48,-6,-30.15212583970817,35.22146329523502
60,-6,-29.758591520993544,38.52322087509892
72,-6,-30.318767577441648,41.64902800129068
84,-6,-30.893456367373055,44.10450924092973
96,-6,-30.261012698642595,44.93381284401818
108,-6,-28.263381847468246,44.234486138057896
120,-6,-27.311475956721544,43.317156466492776
132,-6,-27.97878532725834,42.45725656625788
144,-6,-27.825998573002032,41.169560418156976
156,-6,-25.746873642835777,39.66751273166375
168,-6,-22.032311030723083,37.88751527394325
180,-6,-17.459843205263166,36.160533664859656
-180,0,-5.15117921821243,34.152256879918454
-168,0,-0.9287334613335184,33.00853724094009
-156,0,2.050374993852664,31.97245694787899
-144,0,4.832640333922771,31.16726002753023
-132,0,7.716943895491582,30.61601260660292
-120,0,10.451093279943032,30.25925196955726
-108,0,13.69789491449032,30.00640933993353
-96,0,17.898380519515268,29.625035844705707
-84,0,20.581946888116818,28.840174364278194
-72,0,18.08092041717526,27.6837719496422
-60,0,8.973085709918216,26.73934689680819
-48,0,-4.70651713538607,26.559409453078498
-36,0,-17.88159127851485,27.452541609544244
-24,0,-26.379479339394276,28.900676402252085
-12,0,-29.88913611864859,30.50816781763779
0,0,-30.2231470689165,31.865504099259383
12,0,-28.68574585439581,32.61146727260134
24,0,-24.871180654743824,32.94592608144342
36,0,-19.732384488787197,33.56193054804013
48,0,-16.641045584117194,35.40179605975267
60,0,-16.188091617606897,37.92102590187663
72,0,-16.68775116196716,40.413065399982045
84,0,-17.359597720161492,42.249745976264
96,0,-16.991095649765807,42.83033177978292
108,0,-15.283760179021138,42.0939423319042
120,0,-14.766327567932374,41.037058304652874
132,0,-16.02785578489772,40.03922800495324
144,0,-16.2949983786117,38.628847983972534
156,0,-14.247168157839416,36.99114294652744
168,0,-10.212827904733743,35.478371623993
180,0,-5.151179219722041,34.15225687384839
-180,6,7.063792863916016,33.06875604235906
-168,6,11.367436380132684,32.391679275919735
-156,6,14.188635982565904,31.847211982147307
-144,6,16.69414518281609,31.58904133720964
-132,6,19.33579854883562,31.63279102809833
-120,6,21.875288414616428,31.860845018461102
-108,6,24.850507996326474,32.12870002886637
-96,6,28.396704033292274,32.16417108036721
-84,6,30.26009754580335,31.5704503437399
-72,6,27.603684902252443,30.358452901972637
-60,6,19.309267929751922,29.10202592648842
-48,6,6.843479348972287,28.494269950338452
-36,6,-5.27631569474429,28.879822503046153
-24,6,-13.014585518716427,29.972266344296187
-12,6,-15.744188249128749,31.28470990416027
0,6,-15.377569473079662,32.472384762779136
12,6,-13.636940861467817,33.3714317862979
24,6,-9.965730990035317,33.949837116856635
36,6,-5.034451408231553,34.72446639198286
48,6,-2.0398793942645543,36.175097442713785
60,6,-1.564809796189519,38.15160025398263
72,6,-1.9703693050226756,40.068845432283155
84,6,-2.6574774434375965,41.519764895796214
96,6,-2.556822819909309,41.89814827459858
108,6,-1.3219985793903737,41.2862536344384
120,6,-1.3304026608998927,40.144841877496255
132,6,-3.1394474271383452,38.76679731106415
144,6,-3.9098821354664253,37.06228873140671
156,6,-2.150219118472949,35.38089779695384
168,6,1.8569454015227436,34.00579721393179
180,6,7.063792863658069,33.068756038915126
-180,12,18.332523661513584,32.92688123076038
-168,12,22.461367244514662,32.62855491202166
-156,12,25.079371262299055,32.510338802720796
-144,12,27.324251216051415,32.747406920055944
-132,12,29.75455964530551,33.36953637508479
-120,12,32.14409371771169,34.16864051243831
-108,12,34.824157936245726,34.92217081341264
-96,12,37.66317070203874,35.30487692483654
-84,12,38.75335939284189,34.76526714050481
-72,12,36.03932051583117,33.471169608213245
-60,12,28.78529983963945,31.91233292724265
-48,12,18.2155986278031,30.866939605889048
-36,12,7.977154894169374,30.787720158416562
-24,12,1.4441686078012932,31.471430869482916
-12,12,-0.5529303914444959,32.44689051514501
0,12,0.2603558679245575,33.637835469074496
12,12,2.0937921567029942,34.66536012981446
24,12,5.40259733236831,35.5034870143157
36,12,9.7777236170306,36.52466264661334
48,12,12.464229416388456,37.934614241320105
60,12,12.939892223074784,39.513766106313035
72,12,12.657559150793837,40.99119001135243
84,12,12.081216022954555,42.19771568545097
96,12,12.000693396290556,42.56336366280268
108,12,12.694462372807086,41.98413972574829
120,12,12.164561502751322,40.68554336133355
132,12,9.959489296972798,38.90885485332514
144,12,8.669416294222296,36.828188645382774
156,12,9.869999419812013,34.93525109920903
168,12,13.427194151433628,33.58873001472694
180,12,18.33252366219785,32.92688122817528
-180,18,28.14273930621138,33.623479979090014
-168,18,31.873328054345947,33.58787825496205
-156,18,34.285390012966246,33.814505460394955
-144,18,36.347749206041364,34.50167056264386
-132,18,38.64811758341003,35.65101056476405
-120,18,40.980247771891634,36.95681892063195
-108,18,43.43743124914875,38.165661855123126
-96,18,45.67703489040737,38.744140283288495
-84,18,46.144243924994626,38.43811737373352
-72,18,43.42544862930507,36.971290620465744
-60,18,37.235014966946295,35.150797795764824
-48,18,28.792076815136795,33.69072212519043
-36,18,20.80874615098997,33.25361143920949
-24,18,15.717151052687967,33.560679003904255
-12,18,14.313967357336072,34.352858104818736
0,18,15.361521494274246,35.5280974384044
12,18,17.16698326952543,36.66564422383806
24,18,19.97156808238332,37.7248149166665
36,18,23.565114470890855,38.96456650302559
48,18,25.812169814108337,40.30364775317912
60,18,26.266673850542556,41.742950953570436
72,18,26.107689259424685,43.0187174976056
84,18,25.720012088666774,44.10616998875194
96,18,25.57988846360426,44.532108274174206
108,18,25.805053626566544,44.08840798090394
120,18,24.859437118440592,42.660841385198026
132,18,22.42392965649832,40.37298918410912
144,18,20.677835369617558,37.776483872728086
156,18,21.156789707831912,35.627643646309544
168,18,23.930805811862836,34.20308073280336
180,18,28.142739308133184,33.623479977354265
-180,24,36.426767530381696,35.12765505849857
-168,24,39.59429800207766,35.17466280078924
-156,24,41.816186971512685,35.68251313923444
-144,24,43.79111284312539,36.758340778143044
-132,24,46.048648719947344,38.3305398036231
-120,24,48.40566750090911,40.08643698017264
-108,24,50.74566198188608,41.58400178913656
-96,24,52.56605917990812,42.48903671871466
-84,24,52.60445919053867,42.134633199355115
-72,24,49.9442517911784,40.65361583843014
-60,24,44.73882783217455,38.59599834080074
-48,24,38.24858783119717,36.924090293342395
-36,24,32.39279256873204,36.219719912449776
-24,24,28.67979511493253,36.27847672801974
-12,24,27.767160799817145,36.87501072689477
0,24,28.855856889270665,38.0250981213355
12,24,30.543100887232978,39.22006222781593
24,24,32.83073901241344,40.41649155823789
36,24,35.61406006784479,41.77848328603783
48,24,37.397389965388996,43.116218218680665
60,24,37.82689008016393,44.52771593821257
72,24,37.788802443391106,45.82000516920432
84,24,37.61106817050031,46.979262558924304
96,24,37.50414391589685,47.526710501043524
108,24,37.39567525189213,47.1193492229422
120,24,36.157839252360624,45.468514041062484
132,24,33.63045308931982,42.83767711734901
144,24,31.535843180153297,39.920128124274264
156,24,31.289840460986696,37.37399984184068
168,24,33.13336610917756,35.74546473287491
180,24,36.426767533492594,35.12765505779479
-180,30,43.400879646426596,37.31177501575325
-168,30,45.93056582574869,37.37482334073844
-156,30,47.9759689141232,38.10642298563109
-144,30,49.94846583789307,39.473552506005205
-132,30,52.23173705893418,41.365531562880484
-120,30,54.65316607725233,43.41667310798837
-108,30,56.95112536891763,45.085953442003174
-96,30,58.524497817147804,46.125842531020034
-84,30,58.32861451556462,45.838243810375275
-72,30,55.80530678800846,44.38439684673346
-60,30,51.45503337559219,42.210667482788914
-48,30,46.544687948355,40.38915205451329
-36,30,42.38672487545807,39.458427700979286
-24,30,39.809550506509616,39.3202115468901
-12,30,39.26349256496475,39.783805917397764
0,30,40.2829097139397,40.79881173345447
12,30,41.79850921423407,41.993898515922695
24,30,43.631725555208305,43.2085316082593
36,30,45.70218316207191,44.52888675242087
48,30,47.0815083501727,45.95383056595353
60,30,47.50471818163487,47.356267862415834
72,30,47.613854704774596,48.924371219688304
84,30,47.63535847384791,50.14482793234248
96,30,47.60796444472541,50.83956661628043
108,30,47.298772348409805,50.558133928262095
120,30,45.88243169249052,48.820406283856535
132,30,43.33515469772634,45.960857098409335
144,30,41.01364530701744,42.722983371166734
156,30,40.151680839801315,39.955710856193726
168,30,41.090275837119194,38.117024789481036
180,30,43.40087965051645,37.31177501606014
-180,36,49.43374547623302,40.13306080982382
-168,36,51.33254119688392,40.1602661034333
-156,36,53.21299992611073,41.01054010219202
-144,36,55.23438661751473,42.608914777557246
-132,36,57.57772953164616,44.6926252943878
-120,36,60.05938210747555,46.76050976505222
-108,36,62.33288916991111,48.570608061707574
-96,36,63.76926030443732,49.64483177084099
-84,36,63.48336430331717,49.39437490596671
-72,36,61.16827444254385,47.967175855966424
-60,36,57.53626227452993,45.80275361183174
-48,36,53.78673611517126,43.90312677344982
-36,36,50.827223726399836,42.72899031248742
-24,36,49.07455866660014,42.39463544716222
-12,36,48.78586408929441,42.7259052757692
0,36,49.67884169013008,43.5379008478867
12,36,50.990759255375416,44.643617545358296
24,36,52.44425133431254,45.80978214509084
36,36,53.952544619714054,47.06300817124151
48,36,55.016229393144954,48.51115613916081
60,36,55.49680065032391,50.17045742871658
72,36,55.78140131404401,51.90875936853181
84,36,56.01124791750452,53.386525768434204
96,36,56.07652601121994,54.24698979269408
108,36,55.63926472911201,53.97524510504757
120,36,54.11192154508923,52.20385069510459
132,36,51.591125820801075,49.235446053930495
144,36,49.162996678944026,46.007194250761145
156,36,47.85451917979369,43.111609693195426
168,36,48.02729111540778,41.11144863331048
180,36,49.43374548086058,40.13306081120105
-180,42,54.916619049168055,43.516111972881696
-168,42,56.27756207979322,43.46452791098543
-156,42,57.99707574480016,44.3508596836068
-144,42,60.05952612417104,46.00761737730206
-132,42,62.448517191476526,48.097018595752594
-120,42,64.94276358614866,50.09281951684407
-108,42,67.16563369737024,51.82666187755516
-96,42,68.50183910582919,52.81306761518545
-84,42,68.19900969000126,52.5687455131949
-72,42,66.12624129583655,51.12856489663578
-60,42,63.07985339727601,49.149026326166265
-48,42,60.1328710416535,47.18834395269801
-36,42,57.936631211643494,45.901896645434284
-24,42,56.716316282692986,45.30039212506455
-12,42,56.57536879349942,45.405772750088246
0,42,57.30886834299622,45.982504179691645
12,42,58.39119746548111,46.923295134424436
24,42,59.52246139610718,47.9501203391313
36,42,60.632586802962635,49.26849194138783
48,42,61.49484572668278,50.7854374148089
60,42,62.08583734898581,52.68173106347822
72,42,62.594271526564704,54.61735094328964
84,42,63.04305074712434,56.40471360737968
96,42,63.188013299913045,57.288323092061205
108,42,62.65667984816113,56.987702313589146
120,42,61.060956051655985,55.26211311038416
132,42,58.6149026250944,52.53083549025573
144,42,56.194929334171476,49.30226670598729
156,42,54.62161110520652,46.60473477387313
168,42,54.231861429634236,44.57926155492044
180,42,54.916619053871386,43.51611197536992
-180,48,60.17929384063508,47.22457448210386
-168,48,61.14054557376085,47.108434755906714
-156,48,62.68872719614548,47.92027344561058
-144,48,64.71912255374208,49.45544586916069
-132,48,67.08331313811676,51.3351244056182
-120,48,69.51737560795802,53.127727827137115
-108,48,71.63977923639894,54.642900614440954
-96,48,72.864110225993,55.41311680812963
-84,48,72.55674162664205,55.13246759431076
-72,48,70.7154215403616,53.81557203497082
-60,48,68.13398960054133,51.91695718003156
-48,48,65.72106421056287,50.018305213037
-36,48,63.9776942819001,48.70116015464975
-24,48,63.0484381059885,47.907728653823696
-12,48,62.94493329545919,47.75708283886189
0,48,63.49067646231344,48.073959623221675
12,48,64.32531357023898,48.79696697913878
24,48,65.19474309066956,49.74843080637202
36,48,66.03951812097549,51.024085092016975
48,48,66.82220521539534,52.70435579546706
60,48,67.56996904948241,54.75903782817576
72,48,68.33791973997842,56.924845996991124
84,48,68.99697659475542,58.750631088907866
96,48,69.21371800709964,59.6415733396702
108,48,68.6111734801825,59.35632113299822
120,48,66.98854130886095,57.81591223384306
132,48,64.66233138039678,55.33162384323657
144,48,62.35914097682253,52.52759786984941
156,48,60.70108813432371,50.16540652882854
168,48,59.97716185418679,48.282533257546206
180,48,60.17929384528868,47.224574485653285
-180,54,65.41349727404118,50.77105431749213
-168,54,66.10345029021829,50.65037892075436
-156,54,67.45186639062742,51.35169441025814
-144,54,69.34005655231934,52.57667348353414
-132,54,71.56542041277928,54.02785938604735
-120,54,73.84790234870246,55.49754420445461
-108,54,75.81103621475816,56.68901389291366
-96,54,76.89465717496616,57.22363407483226
-84,54,76.56550809513243,56.91043480052376
-72,54,74.91965014984854,55.7494818225255
-60,54,72.6987922798117,54.07169697710633
-48,54,70.64613404968284,52.43405937732618
-36,54,69.15901178177079,50.96868777819146
-24,54,68.34820850924939,50.08641684302346
-12,54,68.18332789041258,49.660668193343625
0,54,68.51884931992961,49.805071255749134
12,54,69.1079907666995,50.34838405327171
24,54,69.77134419590656,51.22702249704562
36,54,70.47836986339499,52.502245050108016
48,54,71.27311368564969,54.243956114357275
60,54,72.2008614182505,56.35226759653467
72,54,73.21818949510536,58.539241680797474
84,54,74.07851787664877,60.30690063435966
96,54,74.36868553105768,61.175052319444426
108,54,73.73288975489082,60.981988105883836
120,54,72.13724866221347,59.70686703395827
132,54,69.99015414581838,57.675297350640264
144,54,67.89213288684044,55.39493607338815
156,54,66.31052731427415,53.29068446657996
168,54,65.46420298173429,51.76903382703807
180,54,65.4134972784769,50.771054321732244
-180,60,70.6019453126834,54.03193165462329
-168,60,71.11759740095226,53.751448592790055
-156,60,72.24723413179787,54.11287486852795
-144,60,73.88199405813891,54.94255774091311
-132,60,75.84081562846269,55.97713971786168
-120,60,77.87116734699069,57.03837674681492
-108,60,79.60740429333234,57.8110885543911
-96,60,80.5163399187961,58.10805382411716
-84,60,80.14188866639039,57.77949482493423
-72,60,78.65765963438498,56.816129652830696
-60,60,76.7333483229267,55.49617469461967
-48,60,74.94999566988939,54.043142760566276
-36,60,73.61621485823403,52.74381957900905
-24,60,72.82436606868193,51.79262395300935
-12,60,72.54395012007295,51.296856028736876
0,60,72.6628639240694,51.257454805280936
12,60,73.03140139187032,51.653343232972475
24,60,73.54719803250731,52.47707354683871
36,60,74.20472716352384,53.72743753371079
48,60,75.06136811601512,55.418375495436
60,60,76.14703663261692,57.41443881283024
72,60,77.36149599799192,59.407603776222686
84,60,78.39631544963005,61.00159917744027
96,60,78.78406143536952,61.841423312691184
108,60,78.18369072839569,61.77506927168323
120,60,76.69720486367085,60.847859042811145
132,60,74.79209305671463,59.33511098749171
144,60,72.96705537596664,57.60711114456739
156,60,71.56376207145878,56.010940236982215
168,60,70.75457649368931,54.750921365720934
180,60,70.60194531640285,54.03193165903142
-180,66,75.63644050396036,56.3107035642599
-168,66,76.00956214845961,56.04389858335156
-156,66,76.8905367729272,56.139577308637676
-144,66,78.196510822669,56.532647174712224
-132,66,79.78913814135313,57.09617923428986
-120,66,81.46240807488277,57.66232205566447
-108,66,82.88885138368502,58.04775725108797
-96,66,83.57155282458356,58.12778837557844
-84,66,83.12602507043779,57.79544198105892
-72,66,81.79352685432347,57.06168346519882
-60,66,80.1478068260242,56.0504252179958
-48,66,78.61432293201882,54.85989039172732
-36,66,77.41686212803103,53.85161409841742
-24,66,76.6283264108539,53.062546584017305
-12,66,76.23651041384852,52.609781367068926
0,66,76.18015795416837,52.59767185157068
12,66,76.37964785268625,52.85915604299804
24,66,76.79573011679084,53.59262166706741
36,66,77.43537466256001,54.73744331763124
48,66,78.335228085697,56.217945707348434
60,66,79.49810339851668,57.90789801826588
72,66,80.81117444117505,59.556363848176694
84,66,81.97168221439061,60.870461066006044
96,66,82.4984357966563,61.610258978402776
108,66,82.04046532276904,61.68575804859379
120,66,80.76916809426272,61.152771641232135
132,66,79.17044203672619,60.163328005940905
144,66,77.6627864457436,59.00534473188663
156,66,76.49709891053578,57.87756772156925
168,66,75.80277506801163,56.9274223928387
180,66,75.63644050602521,56.31070356833987
-180,72,80.33754043377363,57.64480437661082
-168,72,80.57733781737848,57.341377928738346
-156,72,81.19404738021879,57.23392913111088
-144,72,82.13313752908199,57.37116108558964
-132,72,83.29095168395075,57.4758281990564
-120,72,84.51456446013738,57.60887622432301
-108,72,85.52896841620823,57.6860670796262
-96,72,85.89805581981251,57.605774099974326
-84,72,85.35684154050338,57.28465979235154
-72,72,84.20482086563433,56.78172109139637
-60,72,82.87182729234542,56.08899423416975
-48,72,81.62876173886617,55.266904911828995
-36,72,80.61612966311529,54.54456359715398
-24,72,79.89092826767838,54.04612719739856
-12,72,79.46079415594355,53.79807491883417
0,72,79.30714894070468,53.765687224222994
12,72,79.4073329912044,54.04777698526061
24,72,79.75090235497618,54.62046590033153
36,72,80.34538949859915,55.52900038146225
48,72,81.20256301406548,56.66706714695047
60,72,82.30642275496878,57.917824059566406
72,72,83.56807958455154,59.11197860127818
84,72,84.76467841661338,60.08249033091386
96,72,85.47996766062353,60.690495592872296
108,72,85.3012789117443,60.86707118216455
120,72,84.3566135571943,60.662271991682225
132,72,83.12428812576715,60.155008759838424
144,72,81.9598421308038,59.47984179793624
156,72,81.05312911753994,58.772082872451996
168,72,80.4984747446245,58.135670159534314
180,72,80.33754043300706,57.644804380462
-180,78,84.57420617180644,58.05208386687888
-168,78,84.68137215019223,57.75869958717663
-156,78,85.03432608578666,57.604512678636716
-144,78,85.59153047339903,57.51600226472638
-132,78,86.28104283076549,57.41748002259503
-120,78,86.9754035696715,57.25120479223443
-108,78,87.44940135830558,57.1397307982799
-96,78,87.39767192324514,56.95325133033331
-84,78,86.79295567164121,56.68811404762245
-72,78,85.90137389057101,56.35268899176467
-60,78,84.94925238944187,55.925076539081985
-48,78,84.06641625984295,55.5123020517901
-36,78,83.32509098919571,55.155035976908415
-24,78,82.76510549520364,54.91557397403222
-12,78,82.40589360226934,54.81211757915851
0,78,82.25380686838336,54.923766289178054
12,78,82.31351232637266,55.09926534146083
24,78,82.58339495853254,55.52503164450584
36,78,83.0653485128701,56.12589218819942
48,78,83.75543004280172,56.84449758825875
60,78,84.63448258763403,57.60587955509476
72,78,85.65407861552087,58.331290948250086
84,78,86.71182482050676,58.92862023126911
96,78,87.58772304676539,59.35157546254965
108,78,87.86760923320726,59.55873022022935
120,78,87.3913074677498,59.605040908411475
132,78,86.57405229825227,59.37916364311285
144,78,85.7731048656793,59.07814544050656
156,78,85.13477991995929,58.71910313668743
168,78,84.72571553381188,58.359515672622614
180,78,84.57420616696962,58.052083871274704
-180,84,88.26773624558243,57.749799152775154
-168,84,88.24670615273746,57.568184298417954
-156,84,88.32655733157621,57.43201232996458
-144,84,88.46814138972515,57.2823645547695
-132,84,88.60349111825319,57.16008791992941
-120,84,88.62794021937226,57.012226281675055
-108,84,88.45639358549525,56.84292491064158
-96,84,88.09880045238637,56.69544126554402
-84,84,87.62848365256517,56.527790963755514
-72,84,87.114841587312,56.34431116179525
-60,84,86.60775586165089,56.18615880983411
-48,84,86.14480117438576,56.03732431282933
-36,84,85.75316765594249,55.92726504588355
-24,84,85.45243316156123,55.8980227292688
-12,84,85.2572270728819,55.955380218766805
0,84,85.18023029645623,56.01489906763638
12,84,85.22410326077863,56.16389824510668
24,84,85.39039113400386,56.3925961012622
36,84,85.67752295660021,56.658985712529066
48,84,86.07744317439469,56.96471921489901
60,84,86.57770730198588,57.27729415910268
72,84,87.15943942272234,57.57224620201218
84,84,87.79699458701776,57.84512788505307
96,84,88.45908416630598,58.05769511410667
108,84,89.10098010377273,58.189545393658854
120,84,89.59377184940963,58.25008744423755
132,84,89.45675567811463,58.261748876437196
144,84,89.02843835544752,58.1420055304026
156,84,88.66287169199387,58.04283196202397
168,84,88.40587078959237,57.92289465560094
180,84,88.2677362327115,57.749799158774174
